"Code","Description","Parent"
"AC_25","Administrative, Commercial And Protective Service Activities","AC"
"AC_25_10","Legislative Activities","AC_25"
"AC_25_10_15","Council Activities","AC_25_10"
"AC_25_10_33","Gallery Viewing Of Council Activities","AC_25_10"
"AC_25_10_34","Gallery Viewing Of Parliamentary Activities","AC_25_10"
"AC_25_10_60","Parliamentary Activities","AC_25_10"
"AC_25_20","Institutional Administrative Activities","AC_25"
"AC_25_20_07","Benefits Administration","AC_25_20"
"AC_25_20_40","Individual Institutional Activities","AC_25_20"
"AC_25_20_42","Institutional Cash Taking","AC_25_20"
"AC_25_20_43","Institutional Word Processing","AC_25_20"
"AC_25_20_44","Job Centre Administration","AC_25_20"
"AC_25_20_59","Open-Plan Institutional Activities","AC_25_20"
"AC_25_20_65","Press Activities","AC_25_20"
"AC_25_20_77","Shared Institutional Activities","AC_25_20"
"AC_25_20_96","War Room Activities (Crash Planning)","AC_25_20"
"AC_25_30","Secular Representative Activities","AC_25"
"AC_25_30_16","Consulate Receptions","AC_25_30"
"AC_25_30_27","Embassy Receptions","AC_25_30"
"AC_25_30_37","High Commission Receptions","AC_25_30"
"AC_25_30_47","Legation Receptions","AC_25_30"
"AC_25_30_60","Passport Administration","AC_25_30"
"AC_25_30_63","Pedestrian Security Checking","AC_25_30"
"AC_25_30_95","Vehicular Security Checking","AC_25_30"
"AC_25_35","Religious Representative Activities","AC_25"
"AC_25_35_71","Religious Representative Receptions","AC_25_35"
"AC_25_40","Financial Activities","AC_25"
"AC_25_40_06","Banking","AC_25_40"
"AC_25_40_07","Bank Telling","AC_25_40"
"AC_25_40_19","Currency Exchanging","AC_25_40"
"AC_25_40_22","Dealing","AC_25_40"
"AC_25_40_75","Safe Depositing","AC_25_40"
"AC_25_40_90","Trading","AC_25_40"
"AC_25_40_94","Vault Storing","AC_25_40"
"AC_25_50","Commercial Administrative Activities","AC_25"
"AC_25_50_04","Art And Designing","AC_25_50"
"AC_25_50_11","Caretaking","AC_25_50"
"AC_25_50_23","Drawing","AC_25_50"
"AC_25_50_28","Executive Activities","AC_25_50"
"AC_25_50_30","Filing","AC_25_50"
"AC_25_50_42","Individual Commercial Activities","AC_25_50"
"AC_25_50_59","Open-Plan Commercial Activities","AC_25_50"
"AC_25_50_64","Photocopying","AC_25_50"
"AC_25_50_77","Shared Commercial Activities","AC_25_50"
"AC_25_50_80","Stationery Storing","AC_25_50"
"AC_25_50_96","Word Processing","AC_25_50"
"AC_25_50_97","Workstation Activities","AC_25_50"
"AC_25_60","Motor Vehicle Sale, Maintenance And Fuel Activities","AC_25"
"AC_25_60_11","Car Washing","AC_25_60"
"AC_25_60_50","Motor Cycle Maintaining","AC_25_60"
"AC_25_60_51","Motor Cycle Parts And Accessories Selling","AC_25_60"
"AC_25_60_52","Motor Cycle Selling","AC_25_60"
"AC_25_60_53","Motor Vehicle Maintaining","AC_25_60"
"AC_25_60_54","Motor Vehicle Parts And Accessories Selling","AC_25_60"
"AC_25_60_55","Motor Vehicle Selling","AC_25_60"
"AC_25_60_62","Petrol Station Air And Water Dispensing","AC_25_60"
"AC_25_60_64","Petrol Station Filling","AC_25_60"
"AC_25_60_66","Petrol Station Fuel Storing","AC_25_60"
"AC_25_62","Commercial Wholesale Activities","AC_25"
"AC_25_62_03","Alcoholic Beverages Wholesale Selling","AC_25_62"
"AC_25_62_10","Builders' Merchant Wholesale Selling","AC_25_62"
"AC_25_62_14","Clothing Wholesale Selling","AC_25_62"
"AC_25_62_21","Dairy Wholesale Selling","AC_25_62"
"AC_25_62_29","Factory Machinery Wholesale Selling","AC_25_62"
"AC_25_62_30","Fish Market Wholesale Selling","AC_25_62"
"AC_25_62_31","Flower Market Wholesale Selling","AC_25_62"
"AC_25_62_32","Fruit And Vegetable Wholesale Selling","AC_25_62"
"AC_25_62_34","Grains Wholesale Selling","AC_25_62"
"AC_25_62_36","Hardware, Plumbing And Heating Wholesale Selling","AC_25_62"
"AC_25_62_37","Heavy Machinery Wholesale Selling","AC_25_62"
"AC_25_62_38","Household Goods Wholesale Selling","AC_25_62"
"AC_25_62_47","Livestock Wholesale Selling","AC_25_62"
"AC_25_62_48","Livestock Storage","AC_25_62"
"AC_25_62_52","Meat Wholesale Selling","AC_25_62"
"AC_25_62_58","Office Equipment Wholesale Selling","AC_25_62"
"AC_25_62_65","Plumbers' Merchant Wholesale Selling","AC_25_62"
"AC_25_62_78","Skins And Hides Wholesale Selling","AC_25_62"
"AC_25_62_82","Spice Wholesale Selling","AC_25_62"
"AC_25_62_89","Toys And Games Wholesale Selling","AC_25_62"
"AC_25_62_96","Waste And Scrap Wholesale Selling","AC_25_62"
"AC_25_64","Commercial Retail Activities","AC_25"
"AC_25_64_02","Antiques Retail Selling","AC_25_64"
"AC_25_64_04","Art Auctioning","AC_25_64"
"AC_25_64_06","Beauty Treating","AC_25_64"
"AC_25_64_07","Bicycle Parts And Accessories Retail Selling","AC_25_64"
"AC_25_64_08","Booking","AC_25_64"
"AC_25_64_12","Checking Out","AC_25_64"
"AC_25_64_14","Coal Retail Selling","AC_25_64"
"AC_25_64_16","Collecting","AC_25_64"
"AC_25_64_18","Commercial Art Retail Selling","AC_25_64"
"AC_25_64_20","Commercial Cash Taking","AC_25_64"
"AC_25_64_22","Department Store Retail Selling","AC_25_64"
"AC_25_64_27","Equipment Servicing","AC_25_64"
"AC_25_64_29","Factory Retail Selling","AC_25_64"
"AC_25_64_30","Fitting","AC_25_64"
"AC_25_64_31","Florist Retail Selling","AC_25_64"
"AC_25_64_32","Food And Drink Retail Selling","AC_25_64"
"AC_25_64_33","Food Retail Selling","AC_25_64"
"AC_25_64_34","Furniture Auctioning","AC_25_64"
"AC_25_64_36","Haircutting","AC_25_64"
"AC_25_64_42","Indoor Market Retail Selling","AC_25_64"
"AC_25_64_45","Key Cutting","AC_25_64"
"AC_25_64_50","Mail Order Sorting","AC_25_64"
"AC_25_64_56","Newsagent Retail Selling","AC_25_64"
"AC_25_64_59","Outdoor Market Retail Selling","AC_25_64"
"AC_25_64_77","Shoe Repairing","AC_25_64"
"AC_25_64_78","Shopping Arcades Circulating (Shopper Moving)","AC_25_64"
"AC_25_64_79","Show Activities","AC_25_64"
"AC_25_64_85","Supermarket Retail Selling","AC_25_64"
"AC_25_64_88","Temporary Food And Drink Retail Selling","AC_25_64"
"AC_25_64_93","Utilities Servicing","AC_25_64"
"AC_25_70","Military Activities","AC_25"
"AC_25_70_02","Air Raid Sheltering","AC_25_70"
"AC_25_70_04","Arms Storing","AC_25_70"
"AC_25_70_09","Bomb Sheltering","AC_25_70"
"AC_25_70_27","Emergency Sheltering","AC_25_70"
"AC_25_70_29","Fallout Sheltering","AC_25_70"
"AC_25_70_31","Firing Of Weapons","AC_25_70"
"AC_25_70_52","Military Camping","AC_25_70"
"AC_25_70_60","Parading","AC_25_70"
"AC_25_70_88","Testing Of Weapons","AC_25_70"
"AC_25_70_90","Training","AC_25_70"
"AC_25_80","Law Enforcement And Judicial Activities","AC_25"
"AC_25_80_15","Court Activities","AC_25_80"
"AC_25_80_28","Evidence Storing","AC_25_80"
"AC_25_80_37","Holding Of Prisoners","AC_25_80"
"AC_25_80_41","Judges' Seating","AC_25_80"
"AC_25_80_42","Judges' Activities","AC_25_80"
"AC_25_80_44","Jury Seating","AC_25_80"
"AC_25_80_45","Jury Deliberating","AC_25_80"
"AC_25_80_68","Public Gallery Viewing","AC_25_80"
"AC_25_80_77","Secure Interviewing","AC_25_80"
"AC_25_80_97","Witness Standing","AC_25_80"
"AC_25_85","Detention Activities","AC_25"
"AC_25_85_15","Communal Inmate Day Activities","AC_25_85"
"AC_25_85_22","Detaining","AC_25_85"
"AC_25_85_28","Exercising","AC_25_85"
"AC_25_85_35","Guarding","AC_25_85"
"AC_25_85_38","Holding","AC_25_85"
"AC_25_85_59","Open Secure Visiting","AC_25_85"
"AC_25_85_66","Private Secure Visiting","AC_25_85"
"AC_25_85_95","Vehicle Impounding","AC_25_85"
"AC_25_90","Fire And Rescue Activities","AC_25"
"AC_25_90_27","Emergency Communicating","AC_25_90"
"AC_25_90_28","Emergency Vehicle Standing","AC_25_90"
"AC_25_90_30","Fire Refuge","AC_25_90"
"AC_25_90_31","Fire Training","AC_25_90"
"AC_25_90_71","Rescue Gear Storing","AC_25_90"
"AC_25_95","Reception Activities","AC_25"
"AC_25_95_72","Reception","AC_25_95"
"AC_25_95_96","Waiting","AC_25_95"
"AC_30","Educational, Scientific And Information Activities","AC"
"AC_30_10","Educational Activities","AC_30"
"AC_30_10_01","Adult Education Teaching","AC_30_10"
"AC_30_10_04","Art Teaching","AC_30_10"
"AC_30_10_05","Assembling","AC_30_10"
"AC_30_10_08","Breaking Out","AC_30_10"
"AC_30_10_15","Computer Teaching","AC_30_10"
"AC_30_10_17","Craft Teaching","AC_30_10"
"AC_30_10_21","Dance Teaching","AC_30_10"
"AC_30_10_23","Dissection Teaching","AC_30_10"
"AC_30_10_25","Drama Teaching","AC_30_10"
"AC_30_10_37","Home Economics Teaching","AC_30_10"
"AC_30_10_42","Infant Teaching","AC_30_10"
"AC_30_10_46","Language Teaching","AC_30_10"
"AC_30_10_47","Lecturing","AC_30_10"
"AC_30_10_51","Metalwork Teaching","AC_30_10"
"AC_30_10_55","Music Teaching","AC_30_10"
"AC_30_10_62","Plastics Work Teaching","AC_30_10"
"AC_30_10_64","Pre-Tertiary Teaching","AC_30_10"
"AC_30_10_66","Primary Teaching","AC_30_10"
"AC_30_10_71","Religious Education Teaching","AC_30_10"
"AC_30_10_77","Secondary Teaching","AC_30_10"
"AC_30_10_78","Seminar Activities","AC_30_10"
"AC_30_10_80","Staff Common Activities","AC_30_10"
"AC_30_10_82","Student Common Activities","AC_30_10"
"AC_30_10_84","Studying","AC_30_10"
"AC_30_10_90","Tertiary Teaching","AC_30_10"
"AC_30_10_97","Woodwork Teaching","AC_30_10"
"AC_30_30","Scientific Laboratory Activities","AC_30"
"AC_30_30_02","Analytical Chemistry Researching","AC_30_30"
"AC_30_30_03","Animal Researching","AC_30_30"
"AC_30_30_04","Astronomical Researching","AC_30_30"
"AC_30_30_05","Astronomical Observing","AC_30_30"
"AC_30_30_07","Biological Researching","AC_30_30"
"AC_30_30_08","Biology Research Teaching","AC_30_30"
"AC_30_30_10","Bioscience Researching","AC_30_30"
"AC_30_30_13","Chemistry Research Teaching","AC_30_30"
"AC_30_30_15","Clinical Biochemistry Researching","AC_30_30"
"AC_30_30_16","Clinical Microbiology Researching","AC_30_30"
"AC_30_30_17","Clinical Pathology Researching","AC_30_30"
"AC_30_30_19","Containment Researching","AC_30_30"
"AC_30_30_23","Dry Research Activities","AC_30_30"
"AC_30_30_26","Earth Sciences Researching","AC_30_30"
"AC_30_30_31","Forensics Researching","AC_30_30"
"AC_30_30_33","Geology Researching","AC_30_30"
"AC_30_30_42","Inorganic Chemistry Researching","AC_30_30"
"AC_30_30_58","Optical Physics Researching","AC_30_30"
"AC_30_30_59","Organic Chemistry Researching","AC_30_30"
"AC_30_30_63","Physical Chemistry Researching","AC_30_30"
"AC_30_30_65","Physical Sciences Researching","AC_30_30"
"AC_30_30_66","Physics Research Teaching","AC_30_30"
"AC_30_30_68","Psychology Researching","AC_30_30"
"AC_30_30_80","Solar Observing","AC_30_30"
"AC_30_30_90","Toxicology Researching","AC_30_30"
"AC_30_30_96","Wet Research Activities","AC_30_30"
"AC_30_35","Scientific Ancillary Activities","AC_30"
"AC_30_35_02","Anechoic Activities","AC_30_35"
"AC_30_35_03","Animal Holding","AC_30_35"
"AC_30_35_05","Autoclaving","AC_30_35"
"AC_30_35_06","Bioscience Equipment Storing","AC_30_35"
"AC_30_35_08","Blood Storing","AC_30_35"
"AC_30_35_14","Chemicals Storing","AC_30_35"
"AC_30_35_16","Clean Activities","AC_30_35"
"AC_30_35_18","Computer Activities","AC_30_35"
"AC_30_35_19","Containment","AC_30_35"
"AC_30_35_21","Dark Room Activities","AC_30_35"
"AC_30_35_28","Experiment Controlling","AC_30_35"
"AC_30_35_29","Flammable Chemical Storing","AC_30_35"
"AC_30_35_30","Flow Cytometry","AC_30_35"
"AC_30_35_36","Hyperbaric Activities","AC_30_35"
"AC_30_35_42","Instrument Activities","AC_30_35"
"AC_30_35_46","Laboratory Cold Storing","AC_30_35"
"AC_30_35_47","Laboratory Warm Storing","AC_30_35"
"AC_30_35_70","Radiation Shielded Activities","AC_30_35"
"AC_30_35_76","Seismograph Activities","AC_30_35"
"AC_30_35_88","Tissue Culturing","AC_30_35"
"AC_30_50","Exhibition Activities","AC_30"
"AC_30_50_04","Art Exhibiting","AC_30_50"
"AC_30_50_15","Collection Exhibiting","AC_30_50"
"AC_30_50_16","Conservation","AC_30_50"
"AC_30_50_21","Dioramas","AC_30_50"
"AC_30_50_22","Displaying","AC_30_50"
"AC_30_50_29","Fauna Exhibiting","AC_30_50"
"AC_30_50_31","Flora Exhibiting","AC_30_50"
"AC_30_50_55","Multipurpose Exhibiting","AC_30_50"
"AC_30_50_63","Planetaria Observing","AC_30_50"
"AC_30_50_66","Product Displaying","AC_30_50"
"AC_30_50_73","Sculpture Exhibiting","AC_30_50"
"AC_30_50_87","Temporary Exhibiting","AC_30_50"
"AC_30_50_90","Touching Living Creatures","AC_30_50"
"AC_30_50_93","Underwater Viewing","AC_30_50"
"AC_30_50_94","Viewing","AC_30_50"
"AC_30_70","Information Activities","AC_30"
"AC_30_70_04","Archiving","AC_30_70"
"AC_30_70_05","Audio-Visual Studying","AC_30_70"
"AC_30_70_08","Borrowing And Returning","AC_30_70"
"AC_30_70_11","Cataloguing","AC_30_70"
"AC_30_70_15","Conferencing","AC_30_70"
"AC_30_70_18","Conserving","AC_30_70"
"AC_30_70_23","Drawings Studying","AC_30_70"
"AC_30_70_27","Enquiring","AC_30_70"
"AC_30_70_30","Film Storing","AC_30_70"
"AC_30_70_46","Lending","AC_30_70"
"AC_30_70_47","Library Storing","AC_30_70"
"AC_30_70_50","Map Reading","AC_30_70"
"AC_30_70_56","Newspaper Reading","AC_30_70"
"AC_30_70_62","Photocopying","AC_30_70"
"AC_30_70_63","Photograph Studying","AC_30_70"
"AC_30_70_71","Reading","AC_30_70"
"AC_30_70_72","Referencing","AC_30_70"
"AC_30_70_82","Studying","AC_30_70"
"AC_35","Industrial Activities","AC"
"AC_35_10","Mineral Extraction Activities","AC_35"
"AC_35_10_28","Explosives Storing","AC_35_10"
"AC_35_10_52","Mineral Storing","AC_35_10"
"AC_35_10_57","Offshore Oil And Gas Drilling","AC_35_10"
"AC_35_10_58","Oil And Gas Storing","AC_35_10"
"AC_35_10_59","Onshore Oil And Gas Drilling","AC_35_10"
"AC_35_10_60","Opencast Mining","AC_35_10"
"AC_35_10_69","Quarrying","AC_35_10"
"AC_35_10_85","Surface Mining","AC_35_10"
"AC_35_10_91","Underground Mining","AC_35_10"
"AC_35_10_92","Underground Mine Hoist Controlling","AC_35_10"
"AC_35_10_93","Underground Mine Access","AC_35_10"
"AC_35_10_94","Underground Mine Tunnelling","AC_35_10"
"AC_35_20","Agricultural Activities","AC_35"
"AC_35_20_03","Animal Exercising","AC_35_20"
"AC_35_20_04","Animal Housing","AC_35_20"
"AC_35_20_11","Caging","AC_35_20"
"AC_35_20_12","Cattle Housing","AC_35_20"
"AC_35_20_18","Crofting","AC_35_20"
"AC_35_20_24","Dungsteading","AC_35_20"
"AC_35_20_25","Farm Effluent Tanking","AC_35_20"
"AC_35_20_26","Farm Goods Selling","AC_35_20"
"AC_35_20_27","Feed Storing","AC_35_20"
"AC_35_20_28","Field Grazing","AC_35_20"
"AC_35_20_29","Fish Cultivating","AC_35_20"
"AC_35_20_30","Fishing","AC_35_20"
"AC_35_20_31","Foresting","AC_35_20"
"AC_35_20_34","Glasshouse Growing","AC_35_20"
"AC_35_20_36","Grain Storing","AC_35_20"
"AC_35_20_39","Hothouse Growing","AC_35_20"
"AC_35_20_47","Livestock Activities","AC_35_20"
"AC_35_20_52","Milking","AC_35_20"
"AC_35_20_55","Mushroom Cultivating","AC_35_20"
"AC_35_20_62","Penning","AC_35_20"
"AC_35_20_63","Pig Housing","AC_35_20"
"AC_35_20_64","Plant Breeding","AC_35_20"
"AC_35_20_66","Poultry Housing","AC_35_20"
"AC_35_20_77","Shearing","AC_35_20"
"AC_35_20_78","Sheep Dipping","AC_35_20"
"AC_35_20_80","Slurry Tanking","AC_35_20"
"AC_35_20_83","Stabling","AC_35_20"
"AC_35_20_99","Yard Activities","AC_35_20"
"AC_35_30","Mineral Processing Activities","AC_35"
"AC_35_30_58","Ore Processing","AC_35_30"
"AC_35_30_59","Oil And Gas Processing","AC_35_30"
"AC_35_40","Agricultural Processing Activities","AC_35"
"AC_35_40_06","Baking","AC_35_40"
"AC_35_40_07","Bottling","AC_35_40"
"AC_35_40_09","Brewing","AC_35_40"
"AC_35_40_10","Butter-Making","AC_35_40"
"AC_35_40_11","Canning","AC_35_40"
"AC_35_40_12","Carcase Cold Storing","AC_35_40"
"AC_35_40_13","Carcase Processing","AC_35_40"
"AC_35_40_18","Cheese Maturing","AC_35_40"
"AC_35_40_22","Distilling","AC_35_40"
"AC_35_40_29","Factory Selling","AC_35_40"
"AC_35_40_30","Fish Processing","AC_35_40"
"AC_35_40_31","Fish Smoking","AC_35_40"
"AC_35_40_32","Fresh Fruit Packing","AC_35_40"
"AC_35_40_33","Fresh Vegetable Packing","AC_35_40"
"AC_35_40_44","Juicing","AC_35_40"
"AC_35_40_46","Leather Tanning","AC_35_40"
"AC_35_40_52","Meat Smoking","AC_35_40"
"AC_35_40_53","Micro-Brewing","AC_35_40"
"AC_35_40_54","Milk Processing","AC_35_40"
"AC_35_40_65","Poultry Processing","AC_35_40"
"AC_35_40_75","Sawing","AC_35_40"
"AC_35_40_80","Slaughtering","AC_35_40"
"AC_35_40_88","Threshing","AC_35_40"
"AC_35_40_90","Tobacco Drying","AC_35_40"
"AC_35_40_96","Wine Making","AC_35_40"
"AC_35_40_98","Wool Sorting","AC_35_40"
"AC_35_50","Manufacturing Activities","AC_35"
"AC_35_50_06","Batching","AC_35_50"
"AC_35_50_08","Brick Firing","AC_35_50"
"AC_35_50_11","Ceramic Firing","AC_35_50"
"AC_35_50_27","Electronics Clean Activities","AC_35_50"
"AC_35_50_29","Factory Selling","AC_35_50"
"AC_35_50_30","Finished Vehicle Storing","AC_35_50"
"AC_35_50_53","Mixing","AC_35_50"
"AC_35_50_60","Packaging","AC_35_50"
"AC_35_50_62","Pharmaceuticals Clean Activities","AC_35_50"
"AC_35_50_64","Printing","AC_35_50"
"AC_35_50_66","Production Servicing And Repairing","AC_35_50"
"AC_35_50_69","Quality Controlling","AC_35_50"
"AC_35_50_70","Raw Materials Storing","AC_35_50"
"AC_35_50_77","Sheltered Manufacturing","AC_35_50"
"AC_35_50_80","Spraying","AC_35_50"
"AC_35_50_90","Vehicle Finishing","AC_35_50"
"AC_35_50_91","Waste Gas Storing","AC_35_50"
"AC_35_50_92","Waste Gas Treating","AC_35_50"
"AC_35_50_93","Waste Liquids Storing","AC_35_50"
"AC_35_50_94","Waste Liquids Treating","AC_35_50"
"AC_35_50_95","Waste Solids Storing","AC_35_50"
"AC_35_50_96","Waste Solids Treating","AC_35_50"
"AC_35_50_97","Waste Water Treating","AC_35_50"
"AC_35_50_98","Work Benching","AC_35_50"
"AC_35_90","Warehousing And Distribution Activities","AC_35"
"AC_35_90_10","Builders' Storing","AC_35_90"
"AC_35_90_29","Factory Seconds Selling","AC_35_90"
"AC_35_90_48","Loading","AC_35_90"
"AC_35_90_50","Maintenance Storing","AC_35_90"
"AC_35_90_65","Road Salt Storing","AC_35_90"
"AC_35_90_80","Sorting And Distributing","AC_35_90"
"AC_35_90_96","Warehousing","AC_35_90"
"AC_40","Medical, Health And Welfare Activities","AC"
"AC_40_10","Medical Activities","AC_40"
"AC_40_10_01","Accident And Emergency Waiting","AC_40_10"
"AC_40_10_08","Birthing","AC_40_10"
"AC_40_10_10","Burns Treating","AC_40_10"
"AC_40_10_12","Children's Caring","AC_40_10"
"AC_40_10_15","Consulting","AC_40_10"
"AC_40_10_18","Ct And Other Scanning","AC_40_10"
"AC_40_10_22","Dental Surgery","AC_40_10"
"AC_40_10_23","Dissecting","AC_40_10"
"AC_40_10_24","Doctors' Consulting","AC_40_10"
"AC_40_10_30","Field Surgery","AC_40_10"
"AC_40_10_36","Hearing Testing","AC_40_10"
"AC_40_10_37","Hospital Laundering","AC_40_10"
"AC_40_10_38","Hospital Records Storing","AC_40_10"
"AC_40_10_42","Intensive Caring","AC_40_10"
"AC_40_10_43","Isolation Caring","AC_40_10"
"AC_40_10_50","Maternity Caring","AC_40_10"
"AC_40_10_57","Nursing","AC_40_10"
"AC_40_10_58","Occupational Therapy","AC_40_10"
"AC_40_10_59","Operating","AC_40_10"
"AC_40_10_64","Pharmaceutical Dispensing","AC_40_10"
"AC_40_10_65","Pharmacy Storing","AC_40_10"
"AC_40_10_66","Physiotherapy","AC_40_10"
"AC_40_10_68","Prosthetics Rehabilitating","AC_40_10"
"AC_40_10_70","Radiography","AC_40_10"
"AC_40_10_71","Radiotherapy","AC_40_10"
"AC_40_10_72","Reception","AC_40_10"
"AC_40_10_73","Recovering","AC_40_10"
"AC_40_10_74","Rehabilitating","AC_40_10"
"AC_40_10_76","Screening Research","AC_40_10"
"AC_40_30","Health Activities","AC_40"
"AC_40_30_08","Blood Donating","AC_40_30"
"AC_40_30_22","Dental Surgery","AC_40_30"
"AC_40_30_23","Doctors' Consulting","AC_40_30"
"AC_40_30_30","First Aiding","AC_40_30"
"AC_40_30_37","Health Waiting","AC_40_30"
"AC_40_30_52","Minor Operating","AC_40_30"
"AC_40_30_57","Nursing","AC_40_30"
"AC_40_30_63","Pharmaceutical Dispensing","AC_40_30"
"AC_40_30_64","Physiotherapy","AC_40_30"
"AC_40_30_67","Prosthetics Rehabilitating","AC_40_30"
"AC_40_30_71","Reception","AC_40_30"
"AC_40_30_72","Records Storing","AC_40_30"
"AC_40_30_76","Screening Researching","AC_40_30"
"AC_40_30_78","Sick Caring","AC_40_30"
"AC_40_30_87","Tattooing","AC_40_30"
"AC_40_50","Welfare Activities","AC_40"
"AC_40_50_15","Convalescing","AC_40_50"
"AC_40_50_28","Exercising","AC_40_50"
"AC_40_50_36","Homeless Eating","AC_40_50"
"AC_40_50_37","Homeless Sleeping","AC_40_50"
"AC_40_50_38","Hospice Sleeping","AC_40_50"
"AC_40_50_42","Infant Day Activities","AC_40_50"
"AC_40_50_55","Needle Using","AC_40_50"
"AC_40_50_57","Nursing Home Sleeping","AC_40_50"
"AC_40_50_75","Sanatoria Caring","AC_40_50"
"AC_40_50_80","Soup Dispensing","AC_40_50"
"AC_40_50_85","Suicide-Watching","AC_40_50"
"AC_40_50_97","Welfare Interviewing","AC_40_50"
"AC_40_70","Funerary Activities","AC_40"
"AC_40_70_04","Ash Urn Storing","AC_40_70"
"AC_40_70_10","Burial (In Ground)","AC_40_70"
"AC_40_70_15","Communal Memorialising","AC_40_70"
"AC_40_70_16","Corpse Holding","AC_40_70"
"AC_40_70_17","Corpse Observing","AC_40_70"
"AC_40_70_18","Cremating","AC_40_70"
"AC_40_70_29","Family Memorialising","AC_40_70"
"AC_40_70_30","Field Corpse Holding","AC_40_70"
"AC_40_70_31","Funeral Activities","AC_40_70"
"AC_40_70_32","Funeral Vault Storing","AC_40_70"
"AC_40_70_65","Private Memorialising","AC_40_70"
"AC_40_70_72","Remembering","AC_40_70"
"AC_40_90","Animal Medical, Health, Welfare And Funerary Activities","AC_40"
"AC_40_90_02","Animal Caring","AC_40_90"
"AC_40_90_03","Animal Clipping And Pedicuring","AC_40_90"
"AC_40_90_04","Animal Drug Dispensing","AC_40_90"
"AC_40_90_05","Animal Exercising","AC_40_90"
"AC_40_90_06","Animal Funerary Activities","AC_40_90"
"AC_40_90_07","Animal Operating","AC_40_90"
"AC_40_90_08","Animal Quarantining","AC_40_90"
"AC_40_90_09","Animal Recovering","AC_40_90"
"AC_40_90_37","Hippotherapy","AC_40_90"
"AC_40_90_92","Welfare Bird Housing","AC_40_90"
"AC_40_90_93","Welfare Cage Housing","AC_40_90"
"AC_40_90_94","Welfare Fish Housing","AC_40_90"
"AC_40_90_95","Welfare Kennelling","AC_40_90"
"AC_40_90_96","Welfare Pig Housing","AC_40_90"
"AC_40_90_97","Welfare Stabling","AC_40_90"
"AC_40_90_98","Welfare Stall Housing","AC_40_90"
"AC_45","Recreational Activities","AC"
"AC_45_05","Amusement Activities","AC_45"
"AC_45_05_01","Adventure Playing","AC_45_05"
"AC_45_05_03","Amusement Arcade Activities","AC_45_05"
"AC_45_05_08","Bookmaking","AC_45_05"
"AC_45_05_11","Camping","AC_45_05"
"AC_45_05_12","Caravanning","AC_45_05"
"AC_45_05_17","Contemplative Strolling","AC_45_05"
"AC_45_05_23","Dodgem Car Driving","AC_45_05"
"AC_45_05_33","Gambling","AC_45_05"
"AC_45_05_42","Indoor Ride Taking","AC_45_05"
"AC_45_05_43","Interpreting","AC_45_05"
"AC_45_05_58","Observing","AC_45_05"
"AC_45_05_59","Outdoor Activities","AC_45_05"
"AC_45_05_60","Outdoor Ride Taking","AC_45_05"
"AC_45_05_62","Permanent Fair Activities","AC_45_05"
"AC_45_05_63","Playing","AC_45_05"
"AC_45_05_65","Pleasure Strolling","AC_45_05"
"AC_45_05_88","Temporary Fair Activities","AC_45_05"
"AC_45_05_89","Theme Park Activities","AC_45_05"
"AC_45_05_90","Tourist Informing","AC_45_05"
"AC_45_20","Dining Activities","AC_45"
"AC_45_20_04","Alcoholic Beverage Dispensing","AC_45_20"
"AC_45_20_06","Banqueting","AC_45_20"
"AC_45_20_07","Beer Storing","AC_45_20"
"AC_45_20_08","Beer Outdoor Consuming","AC_45_20"
"AC_45_20_09","Beverage Dispensing","AC_45_20"
"AC_45_20_10","Buffet Displaying","AC_45_20"
"AC_45_20_14","Cocktail Drinking","AC_45_20"
"AC_45_20_15","Cold Storing","AC_45_20"
"AC_45_20_16","Cooking/ Chilling","AC_45_20"
"AC_45_20_19","Customer Queuing","AC_45_20"
"AC_45_20_20","Customer Waiting","AC_45_20"
"AC_45_20_27","Enclosed Dining","AC_45_20"
"AC_45_20_28","Food Activities","AC_45_20"
"AC_45_20_29","Food Preparation","AC_45_20"
"AC_45_20_30","Food Serving","AC_45_20"
"AC_45_20_31","Food Storing","AC_45_20"
"AC_45_20_32","Footpath Dining","AC_45_20"
"AC_45_20_33","Function Activities","AC_45_20"
"AC_45_20_52","Mess Dining","AC_45_20"
"AC_45_20_58","Open-Plan Dining","AC_45_20"
"AC_45_20_59","Outdoor Dining","AC_45_20"
"AC_45_20_72","Refectory Dining","AC_45_20"
"AC_45_20_75","Salad Displaying","AC_45_20"
"AC_45_20_90","Tray Returning","AC_45_20"
"AC_45_20_96","Waste Food Handling","AC_45_20"
"AC_45_20_98","Wine Storing","AC_45_20"
"AC_45_35","Historic Recreational Activities","AC_45"
"AC_45_35_04","Anglo-Saxon Ruins Exploring","AC_45_35"
"AC_45_35_06","Battle Sites Exploring","AC_45_35"
"AC_45_35_37","Historic Earthworks Exploring","AC_45_35"
"AC_45_35_41","Indoor Historic Activities","AC_45_35"
"AC_45_35_42","Industrial Ruins Exploring","AC_45_35"
"AC_45_35_51","Medieval Ruins Exploring","AC_45_35"
"AC_45_35_57","Norman Ruins Exploring","AC_45_35"
"AC_45_35_66","Prehistoric Ruins Exploring","AC_45_35"
"AC_45_35_72","Roman Ruins Exploring","AC_45_35"
"AC_45_35_95","Viking Ruins Exploring","AC_45_35"
"AC_45_60","Performing Arts Performance Activities","AC_45"
"AC_45_60_13","Circus Performing","AC_45_60"
"AC_45_60_21","Dancing","AC_45_60"
"AC_45_60_29","Fashion Parades","AC_45_60"
"AC_45_60_30","Film Activities","AC_45_60"
"AC_45_60_53","Motion Picture Screening","AC_45_60"
"AC_45_60_55","Music Recording","AC_45_60"
"AC_45_60_58","Orchestra Performing (Concealed)","AC_45_60"
"AC_45_60_59","Outdoor Theatre Activities","AC_45_60"
"AC_45_60_62","Performing Dance","AC_45_60"
"AC_45_60_63","Performing Music Indoors","AC_45_60"
"AC_45_60_64","Performing Music Outdoors","AC_45_60"
"AC_45_60_65","Performing Opera","AC_45_60"
"AC_45_60_66","Performing Theatre","AC_45_60"
"AC_45_60_71","Recording Music","AC_45_60"
"AC_45_65","Performing Arts Ancillary Activities","AC_45"
"AC_45_65_02","Amphitheatre Seating","AC_45_65"
"AC_45_65_03","Artiste Changing And Make-Up","AC_45_65"
"AC_45_65_04","Audience Breaking Out","AC_45_65"
"AC_45_65_05","Audience Seating","AC_45_65"
"AC_45_65_06","Backstage Activities","AC_45_65"
"AC_45_65_08","Box Seating","AC_45_65"
"AC_45_65_31","Foyer Activities","AC_45_65"
"AC_45_65_33","Gallery Seating","AC_45_65"
"AC_45_65_47","Lighting Controlling","AC_45_65"
"AC_45_65_55","Music Recording Controlling","AC_45_65"
"AC_45_65_59","Overhead Scenery Storing","AC_45_65"
"AC_45_65_66","Projecting","AC_45_65"
"AC_45_65_72","Rehearsing","AC_45_65"
"AC_45_65_76","Scenery Controlling","AC_45_65"
"AC_45_65_79","Sound Controlling","AC_45_65"
"AC_45_65_80","Sound Excluding","AC_45_65"
"AC_45_65_84","Stage Entering And Exiting","AC_45_65"
"AC_45_65_85","Stalls Seating","AC_45_65"
"AC_45_65_88","Temporary Seating","AC_45_65"
"AC_45_65_89","Ticketing","AC_45_65"
"AC_45_75","Social Recreation Activities","AC_45"
"AC_45_75_14","Club Activities","AC_45_75"
"AC_45_75_15","Community Activities","AC_45_75"
"AC_45_80","Summer Olympic Sports Play Activities (Excl. Pool Sports)","AC_45"
"AC_45_80_01","Archery","AC_45_80"
"AC_45_80_02","Artistic Gymnastics","AC_45_80"
"AC_45_80_04","Athletics","AC_45_80"
"AC_45_80_06","Badminton","AC_45_80"
"AC_45_80_07","Basketball","AC_45_80"
"AC_45_80_08","Beach Volleyball","AC_45_80"
"AC_45_80_09","Bmx Cycling","AC_45_80"
"AC_45_80_10","Boxing","AC_45_80"
"AC_45_80_11","Canoe Slalom","AC_45_80"
"AC_45_80_12","Canoe Sprint","AC_45_80"
"AC_45_80_26","Equestrian Dressage","AC_45_80"
"AC_45_80_27","Equestrian Eventing","AC_45_80"
"AC_45_80_28","Equestrian Jumping","AC_45_80"
"AC_45_80_29","Fencing","AC_45_80"
"AC_45_80_31","Football","AC_45_80"
"AC_45_80_36","Handball","AC_45_80"
"AC_45_80_38","Hockey","AC_45_80"
"AC_45_80_44","Judo","AC_45_80"
"AC_45_80_53","Mountain Biking","AC_45_80"
"AC_45_80_71","Rhythmic Gymnastics","AC_45_80"
"AC_45_80_72","Road Cycling","AC_45_80"
"AC_45_80_73","Rowing","AC_45_80"
"AC_45_80_75","Sailing","AC_45_80"
"AC_45_80_77","Shooting","AC_45_80"
"AC_45_80_87","Table Tennis","AC_45_80"
"AC_45_80_88","Taekwondo","AC_45_80"
"AC_45_80_89","Tennis","AC_45_80"
"AC_45_80_90","Track Cycling","AC_45_80"
"AC_45_80_91","Trampoline Gymnastics","AC_45_80"
"AC_45_80_95","Volleyball","AC_45_80"
"AC_45_80_97","Weightlifting","AC_45_80"
"AC_45_80_98","Wrestling","AC_45_80"
"AC_45_81","Winter Olympic Sports Play Activities","AC_45"
"AC_45_81_02","Alpine Skiing","AC_45_81"
"AC_45_81_08","Bobsledding","AC_45_81"
"AC_45_81_19","Cross-Country Skiing","AC_45_81"
"AC_45_81_20","Curling","AC_45_81"
"AC_45_81_30","Figure Skating","AC_45_81"
"AC_45_81_32","Freestyle Skiing","AC_45_81"
"AC_45_81_40","Ice Hockey","AC_45_81"
"AC_45_81_49","Luge","AC_45_81"
"AC_45_81_76","Short Track Speed Skating","AC_45_81"
"AC_45_81_77","Skeleton","AC_45_81"
"AC_45_81_78","Ski Jumping","AC_45_81"
"AC_45_81_80","Snowboarding","AC_45_81"
"AC_45_81_83","Speed Skating","AC_45_81"
"AC_45_82","Non-Olympic Indoor Sports Play Activities","AC_45"
"AC_45_82_01","Aerobics","AC_45_82"
"AC_45_82_08","Body Building","AC_45_82"
"AC_45_82_12","Circuit Training","AC_45_82"
"AC_45_82_14","Climbing Wall Activities","AC_45_82"
"AC_45_82_21","Darts Throwing","AC_45_82"
"AC_45_82_31","Fives","AC_45_82"
"AC_45_82_50","Martial Arts","AC_45_82"
"AC_45_82_56","Netball","AC_45_82"
"AC_45_82_72","Rope Climbing","AC_45_82"
"AC_45_82_78","Skittles","AC_45_82"
"AC_45_82_79","Snooker","AC_45_82"
"AC_45_82_80","Solaria","AC_45_82"
"AC_45_82_83","Squash","AC_45_82"
"AC_45_82_86","Sumo","AC_45_82"
"AC_45_82_90","Ten Pin Bowlin","AC_45_82"
"AC_45_82_98","Working Out","AC_45_82"
"AC_45_83","Non-Olympic Outdoor Sports Play Activities","AC_45"
"AC_45_83_06","Baseball","AC_45_83"
"AC_45_83_08","Bowling","AC_45_83"
"AC_45_83_11","Car Racing","AC_45_83"
"AC_45_83_17","Cricket","AC_45_83"
"AC_45_83_18","Cross-Country Cycling","AC_45_83"
"AC_45_83_19","Cross-Country Rallying","AC_45_83"
"AC_45_83_20","Cross-Country Running","AC_45_83"
"AC_45_83_23","Dog Racing","AC_45_83"
"AC_45_83_30","Fishing","AC_45_83"
"AC_45_83_31","Five-A-Side Soccer","AC_45_83"
"AC_45_83_33","Gliding","AC_45_83"
"AC_45_83_34","Golfing","AC_45_83"
"AC_45_83_38","Hang Gliding","AC_45_83"
"AC_45_83_39","Horse Racing","AC_45_83"
"AC_45_83_52","Motor Boating","AC_45_83"
"AC_45_83_53","Motorcycle Racing","AC_45_83"
"AC_45_83_60","Parkour","AC_45_83"
"AC_45_83_64","Polo","AC_45_83"
"AC_45_83_71","Road Cycling","AC_45_83"
"AC_45_83_72","Road Racing","AC_45_83"
"AC_45_83_73","Road Running","AC_45_83"
"AC_45_83_74","Rugby","AC_45_83"
"AC_45_83_76","Skateboarding","AC_45_83"
"AC_45_83_80","Softball","AC_45_83"
"AC_45_83_84","Street Luge","AC_45_83"
"AC_45_83_90","Tobogganing","AC_45_83"
"AC_45_83_96","Walking","AC_45_83"
"AC_45_83_97","Water Skiing","AC_45_83"
"AC_45_84","Sports Ancillary Activities","AC_45"
"AC_45_84_15","Corporate Seating","AC_45_84"
"AC_45_84_50","Manager And Coach Seating","AC_45_84"
"AC_45_84_65","Press Seating","AC_45_84"
"AC_45_84_72","Reserves Seating","AC_45_84"
"AC_45_84_77","Ski Lift Travelling","AC_45_84"
"AC_45_84_82","Spectator Seating","AC_45_84"
"AC_45_84_83","Spectator Standing","AC_45_84"
"AC_45_84_89","Temporary Seating","AC_45_84"
"AC_45_84_94","Vip Spectator Seating","AC_45_84"
"AC_45_85","Swimming Activities","AC_45"
"AC_45_85_22","Diving","AC_45_85"
"AC_45_85_42","Informal Swimming","AC_45_85"
"AC_45_85_65","Pool Plant Operating","AC_45_85"
"AC_45_85_71","Recreational Swimming","AC_45_85"
"AC_45_85_82","Splashing","AC_45_85"
"AC_45_85_83","Olympics Swimming","AC_45_85"
"AC_45_85_86","Synchronised Swimming (Olympic)","AC_45_85"
"AC_45_85_88","Therapy","AC_45_85"
"AC_45_85_92","Underwater Observation","AC_45_85"
"AC_45_85_93","Wading","AC_45_85"
"AC_45_85_94","Water Flumes And Tubes Riding","AC_45_85"
"AC_45_85_95","Water Polo (Olympic)","AC_45_85"
"AC_45_85_96","Water Slides Riding","AC_45_85"
"AC_45_85_97","Wave Riding","AC_45_85"
"AC_45_85_98","Whirlpool/ Spa","AC_45_85"
"AC_50","Religious Activities","AC"
"AC_50_30","Worship Activities","AC_50"
"AC_50_30_06","Baptising","AC_50_30"
"AC_50_30_09","Blessing","AC_50_30"
"AC_50_30_11","Celebrating","AC_50_30"
"AC_50_30_12","Ceremonial Activities","AC_50_30"
"AC_50_30_17","Choral Singing","AC_50_30"
"AC_50_30_18","Congregational Singing","AC_50_30"
"AC_50_30_52","Meditating","AC_50_30"
"AC_50_30_53","Mens' Praying","AC_50_30"
"AC_50_30_59","Orienting To Mecca","AC_50_30"
"AC_50_30_66","Processing","AC_50_30"
"AC_50_30_68","Preaching","AC_50_30"
"AC_50_30_71","Reading The Torah","AC_50_30"
"AC_50_30_72","Reflecting","AC_50_30"
"AC_50_30_75","Sacramental Activities","AC_50_30"
"AC_50_30_97","Womens' Praying","AC_50_30"
"AC_50_30_98","Worshipping","AC_50_30"
"AC_50_35","Worship Ancillary Activities","AC_50"
"AC_50_35_07","Bell Hanging","AC_50_35"
"AC_50_35_08","Bell Ringing","AC_50_35"
"AC_50_35_10","Burial (Under A Church)","AC_50_35"
"AC_50_35_12","Chapter Meeting","AC_50_35"
"AC_50_35_13","Circumcising","AC_50_35"
"AC_50_35_14","Walking Under Cover","AC_50_35"
"AC_50_35_15","Confessing","AC_50_35"
"AC_50_35_33","Gallery Viewing","AC_50_35"
"AC_50_35_50","Marrying","AC_50_35"
"AC_50_35_75","Sanctuary Providing","AC_50_35"
"AC_50_35_90","Treasure Storing","AC_50_35"
"AC_50_35_94","Vestment Donning And Removing","AC_50_35"
"AC_55","Residential Activities","AC"
"AC_55_10","Long-Term Residential Activities","AC_55"
"AC_55_10_06","Back Garden Activities","AC_55_10"
"AC_55_10_07","Bathing","AC_55_10"
"AC_55_10_08","Book Storing And Reading","AC_55_10"
"AC_55_10_11","Car Storing","AC_55_10"
"AC_55_10_13","Clothes Drying","AC_55_10"
"AC_55_10_22","Dining","AC_55_10"
"AC_55_10_29","Food Preparing","AC_55_10"
"AC_55_10_30","Front Garden Activities","AC_55_10"
"AC_55_10_33","Garaging","AC_55_10"
"AC_55_10_46","Laundering","AC_55_10"
"AC_55_10_49","Living","AC_55_10"
"AC_55_10_75","Safe Room Activities","AC_55_10"
"AC_55_10_77","Showering","AC_55_10"
"AC_55_10_79","Sleeping","AC_55_10"
"AC_55_10_85","Storing","AC_55_10"
"AC_55_10_87","Studying","AC_55_10"
"AC_55_10_90","Toileting","AC_55_10"
"AC_55_10_92","Under Cover Outdoor Seating","AC_55_10"
"AC_55_10_93","Utility Activities","AC_55_10"
"AC_55_10_96","Walk-In Clothes Storing","AC_55_10"
"AC_55_10_97","Wine Cellar Storing","AC_55_10"
"AC_55_50","Short-Term Residential Activities","AC_55"
"AC_55_50_15","Communal Alcoholic Beverage Dispensing","AC_55_50"
"AC_55_50_16","Communal Bathing","AC_55_50"
"AC_55_50_17","Communal Dining","AC_55_50"
"AC_55_50_18","Communal Living","AC_55_50"
"AC_55_50_19","Communal Studying","AC_55_50"
"AC_55_50_20","Concierge","AC_55_50"
"AC_55_50_23","Dormitory Sleeping","AC_55_50"
"AC_55_50_24","Dropping-Off And Collecting","AC_55_50"
"AC_55_50_36","Hotel Accommodating","AC_55_50"
"AC_55_50_37","Hotel Entering And Exiting","AC_55_50"
"AC_55_50_39","Hotel Waiting","AC_55_50"
"AC_55_50_47","Left Luggage Storing","AC_55_50"
"AC_55_50_62","Private Bathing","AC_55_50"
"AC_55_50_63","Private Dining","AC_55_50"
"AC_55_50_64","Private Living","AC_55_50"
"AC_55_50_65","Private Studying","AC_55_50"
"AC_55_50_67","Public Alcoholic Beverage Dispensing","AC_55_50"
"AC_55_50_68","Public Dining","AC_55_50"
"AC_55_50_72","Reception","AC_55_50"
"AC_60","Utilities And Civil Engineering Activities","AC"
"AC_60_50","Disposal Activities","AC_60"
"AC_60_50_23","Dry Waste Collecting And Distributing","AC_60_50"
"AC_60_50_24","Dry Waste Storing, Treating And Disposing","AC_60_50"
"AC_60_50_97","Wet Waste Collecting And Distributing","AC_60_50"
"AC_60_50_98","Wet Waste Storing, Treating And Disposing","AC_60_50"
"AC_60_55","Piped Supply Activities","AC_60"
"AC_60_55_30","Fuel And Gas Distributing","AC_60_55"
"AC_60_55_31","Fuel And Gas Extracting And Treating","AC_60_55"
"AC_60_55_32","Fuel And Gas Storing","AC_60_55"
"AC_60_55_96","Water Distributing","AC_60_55"
"AC_60_55_97","Water Extracting And Treating","AC_60_55"
"AC_60_55_98","Water Storing","AC_60_55"
"AC_60_60","Heating, Cooling And Refrigeration Activities","AC_60"
"AC_60_60_15","Cooler Operating","AC_60_60"
"AC_60_60_37","Heater Operating","AC_60_60"
"AC_60_60_38","Heating, Cooling And Refrigeration Distribution Activities","AC_60_60"
"AC_60_60_72","Refrigerator Operating","AC_60_60"
"AC_60_65","Ventilation And Air Conditioning Activities","AC_60"
"AC_60_70","Electrical Activities","AC_60"
"AC_60_70_08","Boiler Operating","AC_60_70"
"AC_60_70_15","Cooler Operating","AC_60_70"
"AC_60_70_27","Electricity Substation Activities","AC_60_70"
"AC_60_70_28","Electricity Transmitting","AC_60_70"
"AC_60_70_72","Reactor Operating","AC_60_70"
"AC_60_70_91","Turbine Operating","AC_60_70"
"AC_60_70_96","Water Mill Operating","AC_60_70"
"AC_60_70_97","Wind Mill Operating","AC_60_70"
"AC_60_75","Communications, Security, Safety And Protection Activities","AC_60"
"AC_60_75_05","Automated Telephone Exchanging","AC_60_75"
"AC_60_75_23","Digital Data Transmitting","AC_60_75"
"AC_60_75_26","Electronic Protection Controlling","AC_60_75"
"AC_60_75_27","Electronic Safety Controlling","AC_60_75"
"AC_60_75_28","Electronic Security Controlling","AC_60_75"
"AC_60_75_48","Looking Out (Overhead Security Observing)","AC_60_75"
"AC_60_75_50","Mail Sorting","AC_60_75"
"AC_60_75_52","Manual Telephone Exchanging","AC_60_75"
"AC_60_75_60","Parcelling","AC_60_75"
"AC_60_75_62","Post Office Box Activities","AC_60_75"
"AC_60_75_64","Post Office Counter Activities","AC_60_75"
"AC_60_75_66","Post Office Queuing","AC_60_75"
"AC_60_75_68","Postal Sorting","AC_60_75"
"AC_60_75_69","Radio Broadcast Activities","AC_60_75"
"AC_60_75_70","Radio Broadcast Controlling","AC_60_75"
"AC_60_75_72","Radio Broadcast Recording","AC_60_75"
"AC_60_75_88","Telecommunications Controlling","AC_60_75"
"AC_60_75_89","Telephoning","AC_60_75"
"AC_60_75_91","Television Broadcast Controlling","AC_60_75"
"AC_60_75_92","Television Broadcast Recording","AC_60_75"
"AC_60_75_93","Television Broadcasting","AC_60_75"
"AC_60_75_97","Web Serving","AC_60_75"
"AC_60_80","Rail Activities","AC_60"
"AC_60_80_02","Alighting Trains","AC_60_80"
"AC_60_80_08","Boarding Trains","AC_60_80"
"AC_60_80_11","Carriage Cleaning","AC_60_80"
"AC_60_80_20","Customs Controlling","AC_60_80"
"AC_60_80_26","Engine Fuelling","AC_60_80"
"AC_60_80_27","Engine Inspecting","AC_60_80"
"AC_60_80_28","Engine Servicing","AC_60_80"
"AC_60_80_29","Engine Washing","AC_60_80"
"AC_60_80_34","Goods Loading And Unloading","AC_60_80"
"AC_60_80_50","Marshalling","AC_60_80"
"AC_60_80_58","Over Passing","AC_60_80"
"AC_60_80_60","Passport Controlling","AC_60_80"
"AC_60_80_70","Rail Repairing","AC_60_80"
"AC_60_80_72","Railway Station Arriving","AC_60_80"
"AC_60_80_73","Railway Station Departing","AC_60_80"
"AC_60_80_74","Railway Track Buffering","AC_60_80"
"AC_60_80_75","Railway Travelling","AC_60_80"
"AC_60_80_77","Signal Controlling","AC_60_80"
"AC_60_80_82","Station Forecourt Activities","AC_60_80"
"AC_60_80_88","Ticketing","AC_60_80"
"AC_60_80_89","Train Standing","AC_60_80"
"AC_60_80_90","Train Stopping","AC_60_80"
"AC_60_80_92","Under Passing","AC_60_80"
"AC_60_80_94","Vehicle Loading/ Unloading","AC_60_80"
"AC_60_81","Road Activities","AC_60"
"AC_60_81_05","Boarding Buses","AC_60_81"
"AC_60_81_06","Bus Station Arriving","AC_60_81"
"AC_60_81_07","Bus Station Departing","AC_60_81"
"AC_60_81_08","Bus Manoeuvring","AC_60_81"
"AC_60_81_09","Bus Standing","AC_60_81"
"AC_60_81_10","Bus Stopping","AC_60_81"
"AC_60_81_11","Car Manoeuvring – Indoor","AC_60_81"
"AC_60_81_12","Car Manoeuvring – Outdoor","AC_60_81"
"AC_60_81_13","Car Parking – Indoor","AC_60_81"
"AC_60_81_14","Car Parking – Outdoor","AC_60_81"
"AC_60_81_16","Carriageway Separating","AC_60_81"
"AC_60_81_19","Customs Controlling","AC_60_81"
"AC_60_81_20","Cycling","AC_60_81"
"AC_60_81_24","Driving – Fast","AC_60_81"
"AC_60_81_25","Driving – Slow","AC_60_81"
"AC_60_81_27","Emergency Stopping","AC_60_81"
"AC_60_81_42","Intersecting","AC_60_81"
"AC_60_81_46","Lay-Bys And Passing","AC_60_81"
"AC_60_81_60","Passport Controlling","AC_60_81"
"AC_60_81_63","Pedestrian Crossing","AC_60_81"
"AC_60_81_64","Pedestrian Standing","AC_60_81"
"AC_60_81_70","Railway Crossing","AC_60_81"
"AC_60_81_71","Road Buffering","AC_60_81"
"AC_60_81_90","Truck Manoeuvring","AC_60_81"
"AC_60_81_91","Truck Standing","AC_60_81"
"AC_60_81_94","Vehicle Fuelling","AC_60_81"
"AC_60_81_95","Vehicle Inspecting","AC_60_81"
"AC_60_81_96","Vehicle Servicing","AC_60_81"
"AC_60_81_97","Vehicle Washing","AC_60_81"
"AC_60_81_98","Walking","AC_60_81"
"AC_60_82","Marine And Waterway Activities","AC_60"
"AC_60_82_05","Baggage Handling","AC_60_82"
"AC_60_82_06","Baggage Storing","AC_60_82"
"AC_60_82_07","Boarding Boats And Ships","AC_60_82"
"AC_60_82_08","Boat Repairing","AC_60_82"
"AC_60_82_09","Boat Storing","AC_60_82"
"AC_60_82_11","Canal Level Changing","AC_60_82"
"AC_60_82_12","Canal Travelling","AC_60_82"
"AC_60_82_13","Cargo Handling","AC_60_82"
"AC_60_82_14","Cargo Loading","AC_60_82"
"AC_60_82_15","Cargo Storing","AC_60_82"
"AC_60_82_20","Customs Controlling","AC_60_82"
"AC_60_82_22","Deep Water Accessing","AC_60_82"
"AC_60_82_24","Dry Repair Docking","AC_60_82"
"AC_60_82_30","Floating Repair Docking","AC_60_82"
"AC_60_82_34","Goods Docking","AC_60_82"
"AC_60_82_36","Harbour Controlling","AC_60_82"
"AC_60_82_37","Harbour Level Changing","AC_60_82"
"AC_60_82_38","Harbour Protecting","AC_60_82"
"AC_60_82_46","Landing","AC_60_82"
"AC_60_82_47","Lifeboat Vessel Storing And Launching","AC_60_82"
"AC_60_82_59","Overhead Canal Travelling","AC_60_82"
"AC_60_82_60","Passenger Docking","AC_60_82"
"AC_60_82_61","Passport Controlling","AC_60_82"
"AC_60_82_77","Shipping Arrivals","AC_60_82"
"AC_60_82_78","Shipping Departures","AC_60_82"
"AC_60_82_94","Vessel Launching","AC_60_82"
"AC_60_82_96","Warning","AC_60_82"
"AC_60_82_97","Wet Repair Docking","AC_60_82"
"AC_60_83","Cable Transport Activities","AC_60"
"AC_60_83_11","Cable Transport Embarking","AC_60_83"
"AC_60_83_12","Cable Transport Loading","AC_60_83"
"AC_60_83_13","Cableway Travelling","AC_60_83"
"AC_60_83_34","Gondola Repair And Cleaning","AC_60_83"
"AC_60_83_35","Gondola Storing","AC_60_83"
"AC_60_84","Aerospace Activities","AC_60"
"AC_60_84_00","Aircraft Cleaning","AC_60_84"
"AC_60_84_01","Aircraft Fuelling","AC_60_84"
"AC_60_84_02","Aircraft Manoeuvring","AC_60_84"
"AC_60_84_03","Aircraft Manoeuvring Buffering","AC_60_84"
"AC_60_84_04","Aircraft Repairing","AC_60_84"
"AC_60_84_05","Aircraft Standing","AC_60_84"
"AC_60_84_06","Airport Controlling","AC_60_84"
"AC_60_84_07","Arriving","AC_60_84"
"AC_60_84_08","Baggage Claiming","AC_60_84"
"AC_60_84_09","Baggage Handling","AC_60_84"
"AC_60_84_10","Baggage Storing","AC_60_84"
"AC_60_84_11","Boarding Aeroplanes","AC_60_84"
"AC_60_84_12","Cargo Handling","AC_60_84"
"AC_60_84_13","Cargo Loading","AC_60_84"
"AC_60_84_14","Cargo Storing","AC_60_84"
"AC_60_84_20","Customs Controlling","AC_60_84"
"AC_60_84_22","Departing","AC_60_84"
"AC_60_84_36","Hanger Activities","AC_60_84"
"AC_60_84_37","Helipads","AC_60_84"
"AC_60_84_46","Landing","AC_60_84"
"AC_60_84_60","Passport Controlling","AC_60_84"
"AC_60_84_80","Spacecraft Cleaning","AC_60_84"
"AC_60_84_81","Spacecraft Preparing","AC_60_84"
"AC_60_84_82","Spacecraft Repairing","AC_60_84"
"AC_60_84_83","Spacecraft Storing","AC_60_84"
"AC_60_84_87","Takeoff","AC_60_84"
"AC_60_90","Plant And Control Activities","AC_60"
"AC_60_90_01","Access Floor Services Routing","AC_60_90"
"AC_60_90_08","Boiler Operating","AC_60_90"
"AC_60_90_13","Ceiling Services Routing","AC_60_90"
"AC_60_90_15","Controlling","AC_60_90"
"AC_60_90_27","Equipment Operating","AC_60_90"
"AC_60_90_32","Furnace Operating","AC_60_90"
"AC_60_90_42","Incinerating","AC_60_90"
"AC_60_90_64","Plant Operating","AC_60_90"
"AC_60_90_77","Server Operating","AC_60_90"
"AC_60_90_78","Shaft Services Routing","AC_60_90"
"AC_60_90_80","Solid Fuel Storing","AC_60_90"
"AC_60_90_85","Switching","AC_60_90"
"AC_60_90_90","Transformer Operating","AC_60_90"
"AC_60_90_96","Wall Services Routing","AC_60_90"
"AC_65","Sanitary, Cleaning, Maintenance And Storing Activities","AC"
"AC_65_10","General Circulation Activities","AC_65"
"AC_65_10_02","Air Blocking","AC_65_10"
"AC_65_10_04","Ascending And Descending Pausing","AC_65_10"
"AC_65_10_11","Sheltering – Informal","AC_65_10"
"AC_65_10_14","Congregating (Outdoor)","AC_65_10"
"AC_65_10_16","Covered Walking","AC_65_10"
"AC_65_10_27","Entering And Exiting","AC_65_10"
"AC_65_10_30","Fire Stepped Ascending And Descending","AC_65_10"
"AC_65_10_31","Formal Pausing – Indoor","AC_65_10"
"AC_65_10_32","Formal Pausing – Outdoor","AC_65_10"
"AC_65_10_34","Goods Conveying","AC_65_10"
"AC_65_10_47","Lift Accommodating","AC_65_10"
"AC_65_10_48","Lift Machine Operating","AC_65_10"
"AC_65_10_49","Lift Stopping","AC_65_10"
"AC_65_10_50","Lift Travelling","AC_65_10"
"AC_65_10_51","Mechanical Pitched Ascending And Descending","AC_65_10"
"AC_65_10_53","Monumental Stepped Ascending And Descending","AC_65_10"
"AC_65_10_56","Narrow Circulating Between Rooms","AC_65_10"
"AC_65_10_62","Pitched Ascending And Descending","AC_65_10"
"AC_65_10_75","Secure Entering And Exiting","AC_65_10"
"AC_65_10_77","Sheltering – Formal","AC_65_10"
"AC_65_10_93","Utilitarian Stepped Ascending And Descending","AC_65_10"
"AC_65_10_96","Uncovered Walking","AC_65_10"
"AC_65_10_97","Wide Circulating Between Rooms","AC_65_10"
"AC_65_30","Sanitary Activities","AC_65"
"AC_65_30_01","Accessible Changing","AC_65_30"
"AC_65_30_02","Accessible Public Bathing","AC_65_30"
"AC_65_30_03","Accessible Public Showering","AC_65_30"
"AC_65_30_04","Accessible Public Toileting","AC_65_30"
"AC_65_30_06","Baby Changing","AC_65_30"
"AC_65_30_50","Men's Changing","AC_65_30"
"AC_65_30_51","Men's Public Bathing","AC_65_30"
"AC_65_30_52","Men's Public Showering","AC_65_30"
"AC_65_30_53","Men's Public Toileting","AC_65_30"
"AC_65_30_59","Open Showering","AC_65_30"
"AC_65_30_64","Private Bathing","AC_65_30"
"AC_65_30_65","Private Showering","AC_65_30"
"AC_65_30_66","Private Toileting","AC_65_30"
"AC_65_30_80","Smoking","AC_65_30"
"AC_65_30_91","Unisex Changing","AC_65_30"
"AC_65_30_92","Unisex Public Bathing","AC_65_30"
"AC_65_30_93","Unisex Public Showering","AC_65_30"
"AC_65_30_94","Unisex Public Toileting","AC_65_30"
"AC_65_30_95","Urinating","AC_65_30"
"AC_65_30_96","Women's Changing","AC_65_30"
"AC_65_30_97","Women's Public Bathing","AC_65_30"
"AC_65_30_98","Women's Public Showering","AC_65_30"
"AC_65_30_99","Women's Public Toileting","AC_65_30"
"AC_65_50","Cleaning And Maintenance Activities","AC_65"
"AC_65_50_15","Commercial Laundering","AC_65_50"
"AC_65_50_23","Domestic Laundering","AC_65_50"
"AC_65_50_25","Drying And Airing","AC_65_50"
"AC_65_50_46","Laundering","AC_65_50"
"AC_65_70","Storing Activities","AC_65"
"AC_65_70_04","Attic Storing","AC_65_70"
"AC_65_70_12","Cellar Storing","AC_65_70"
"AC_65_70_14","Cloak Storing","AC_65_70"
"AC_65_70_15","Cold Storing","AC_65_70"
"AC_65_70_33","Goods Delivery","AC_65_70"
"AC_65_70_34","Goods Storing","AC_65_70"
"AC_65_70_35","Goods Warehousing","AC_65_70"
"AC_65_70_36","Hazardous Waste Storing","AC_65_70"
"AC_65_70_47","Left Luggage Storing","AC_65_70"
"AC_65_70_59","Outdoor Storing","AC_65_70"
"AC_65_70_77","Secure Storing","AC_65_70"
"AC_65_70_80","Small Shed Activities","AC_65_70"
"AC_65_70_85","Stock Activities","AC_65_70"
"AC_65_70_86","Storing","AC_65_70"
"AC_65_70_94","Vault Storing","AC_65_70"
"AC_65_70_96","Waste Storing","AC_65_70"